Reference, Value, Footprint, Datasheet
"C8","0.1uf","CA6:c_0603",""
"C13","0.1uf","CA6:c_0603",""
"C15","0.1uf","CA6:c_0603",""
"C21","0.1uf","CA6:c_0603",""
"R25","100k","CA6:SM0603_Resistor",""
"C24","20pf","CA6:c_0603",""
"C25","20pf","CA6:c_0603",""
"R26","39R","CA6:SM0603_Resistor",""
"R27","39R","CA6:SM0603_Resistor",""
"C22","0.1uf","CA6:c_0603",""
"C11","0.1uf","CA6:c_0603",""
"C14","20pf","CA6:c_0603",""
"C17","20pf","CA6:c_0603",""
"VR1","VR","CA6:SM0603",""
"VR2","VR","CA6:SM0603",""
"F1","FUSE","CA6:SM1812",""
"C7","100uf","CA6:c_elec_6.3x5.7",""
"C9","10uf","CA6:c_1206",""
"U12","VREG_33","CA6:SOT223-5",""
"C12","0.1uf","CA6:c_0603",""
"P1","JTAG","CA6:JTAG_20021121-00010C4LF","DOCUMENTATION"
"R17","100k","CA6:SM0603_Resistor",""
"R18","100k","CA6:SM0603_Resistor",""
"R19","100k","CA6:SM0603_Resistor",""
"C3","0.1uf","CA6:c_0603",""
"J1","MICRO_USB","CA6:USB_MICRO_10118194-0001LF",""
"FB1","Ferrite Bead","CA6:SM0805",""
"FB2","Ferrite Bead","CA6:SM0805",""
"FB3","Ferrite Bead","CA6:SM0805",""
"J2","BAT_CON","CA6:Screw_Terminal_Block_2P",""
"SW2","USB/BATTERY","CA6:Switch_pcbwing_right_3a_ts-13p",""
"SW3","RESET","Buttons_Switches_SMD:SW_SPST_PTS645",""
"X8","32khz","CA6:AB26TRQ",""
"R20","100k","CA6:SM0603_Resistor",""
"SW1","ERASE","Buttons_Switches_SMD:SW_SPST_PTS645",""
"C19","0.1uf","CA6:c_0603",""
"R28","6K8+1%","CA6:SM0603_Resistor",""
"C20","20pf","CA6:c_0603",""
"R22","274R","CA6:SM0603_Resistor",""
"U16","ATSAM3X8EA-AU_LQFP-144","CA6:TQFP144","DOCUMENTATION"
"C32","10uf","CA6:c_1206",""
"C30","10uf","CA6:c_1206",""
"C2","10uf","CA6:c_1206",""
"C1","10uf","CA6:c_1206",""
"J6","AUX","CA6:IDC_50PIN(2X25)-90","DOCUMENTATION"
"C33","10uf","CA6:c_1206",""
"J5","MODULE_1","CA6:RJ45_pcbwing",""
"J3","MODULE_0","CA6:RJ45_pcbwing",""
"X1","HOLE","CA6:HOLE_3.0mm",""
"X2","HOLE","CA6:HOLE_3.0mm",""
"X3","HOLE","CA6:HOLE_3.0mm",""
"C29","0.1uf","CA6:c_0603",""
"J4","MODULE_2","CA6:RJ45_pcbwing",""
"C31","10uf","CA6:c_1206",""
"J8","MODULE_3","CA6:RJ45_pcbwing",""
"C37","10uf","CA6:c_1206",""
"CAM0","CAM/FLASH","CA6:161-3334-E_Big_Pad",""
"R29","30K","CA6:SM0603_Resistor",""
"R21","10K","CA6:SM0603_Resistor",""
"VR3","VR","CA6:SM0603",""
"LOGO1","CA_LOGO_150","CA6:CA_Logo_15mm",""
"R30","274R","CA6:SM0603_Resistor",""
"D1","LED2C","CA6:LED-SOT-23",""
"C5","10uf","CA6:c_1206",""
"C4","0.1uf","CA6:c_0603",""
"C6","100uf","CA6:c_elec_6.3x5.7",""
"X7","CRYSTAL_4","CA6:CRYSTAL_ABM3B",""
"C42","10uf","CA6:c_1206",""
"C41","0.1uf","CA6:c_0603",""
"C38","0.1uf","CA6:c_0603",""
"C39","0.1uf","CA6:c_0603",""
"C40","0.1uf","CA6:c_0603",""
"C28","10uf","CA6:c_1206",""
"Q9","BSS138P","CA6:SOT23",""
"Q1","BSS138P","CA6:SOT23",""
"CAM1","CAM/FLASH","CA6:161-3334-E_Big_Pad",""
"Q10","BSS138P","CA6:SOT23",""
"Q2","BSS138P","CA6:SOT23",""
"CAM2","CAM/FLASH","CA6:161-3334-E_Big_Pad",""
"Q3","BSS138P","CA6:SOT23",""
"CAM3","CAM/FLASH","CA6:161-3334-E_Big_Pad",""
"Q12","BSS138P","CA6:SOT23",""
"Q4","BSS138P","CA6:SOT23",""
"CAM4","CAM/FLASH","CA6:161-3334-E_Big_Pad",""
"Q13","BSS138P","CA6:SOT23",""
"Q5","BSS138P","CA6:SOT23",""
"CAM5","CAM/FLASH","CA6:161-3334-E_Big_Pad",""
"Q14","BSS138P","CA6:SOT23",""
"Q6","BSS138P","CA6:SOT23",""
"CAM6","CAM/FLASH","CA6:161-3334-E_Big_Pad",""
"Q15","BSS138P","CA6:SOT23",""
"Q7","BSS138P","CA6:SOT23",""
"CAM7","CAM/FLASH","CA6:161-3334-E_Big_Pad",""
"Q16","BSS138P","CA6:SOT23",""
"Q8","BSS138P","CA6:SOT23",""
"R23","274R","CA6:SM0603_Resistor",""
"X4","HOLE","CA6:HOLE_3.0mm",""
"BT1","BATTERY","CA6:BATTERY_4AA_12BH348-GR",""
"P2","Connection_Card","Socket_Strips:Socket_Strip_Straight_2x06_Pitch2.54mm",""
"X5","HOLE","CA6:HOLE_3.0mm",""
"R24","274R","CA6:SM0603_Resistor",""
"R31","680R","CA6:SM0603_Resistor",""
"R32","680R","CA6:SM0603_Resistor",""
"U1","74LS244","Housings_SSOP:TSSOP-20_4.4x6.5mm_Pitch0.65mm",""
"R9","10K","CA6:SM0603_Resistor",""
"R1","10K","CA6:SM0603_Resistor",""
"D2","LED2C","CA6:LED-SOT-23",""
"R13","10K","CA6:SM0603_Resistor",""
"R5","10K","CA6:SM0603_Resistor",""
"R6","10K","CA6:SM0603_Resistor",""
"R14","10K","CA6:SM0603_Resistor",""
"R2","10K","CA6:SM0603_Resistor",""
"R10","10K","CA6:SM0603_Resistor",""
"C16","10uf","CA6:c_1206",""
"R33","274R","CA6:SM0603_Resistor",""
"R34","274R","CA6:SM0603_Resistor",""
"R35","680R","CA6:SM0603_Resistor",""
"R36","680R","CA6:SM0603_Resistor",""
"D3","LED2C","CA6:LED-SOT-23",""
"R37","274R","CA6:SM0603_Resistor",""
"R38","274R","CA6:SM0603_Resistor",""
"R39","680R","CA6:SM0603_Resistor",""
"R40","680R","CA6:SM0603_Resistor",""
"D4","LED2C","CA6:LED-SOT-23",""
"R41","274R","CA6:SM0603_Resistor",""
"R42","274R","CA6:SM0603_Resistor",""
"R43","680R","CA6:SM0603_Resistor",""
"R44","680R","CA6:SM0603_Resistor",""
"D5","LED2C","CA6:LED-SOT-23",""
"Q11","BSS138P","CA6:SOT23",""
"R45","274R","CA6:SM0603_Resistor",""
"R46","274R","CA6:SM0603_Resistor",""
"R47","680R","CA6:SM0603_Resistor",""
"R48","680R","CA6:SM0603_Resistor",""
"U2","74LS244","Housings_SSOP:TSSOP-20_4.4x6.5mm_Pitch0.65mm",""
"R11","10K","CA6:SM0603_Resistor",""
"R3","10K","CA6:SM0603_Resistor",""
"D6","LED2C","CA6:LED-SOT-23",""
"R15","10K","CA6:SM0603_Resistor",""
"R7","10K","CA6:SM0603_Resistor",""
"R8","10K","CA6:SM0603_Resistor",""
"R16","10K","CA6:SM0603_Resistor",""
"R4","10K","CA6:SM0603_Resistor",""
"R12","10K","CA6:SM0603_Resistor",""
"C18","10uf","CA6:c_1206",""
"R49","274R","CA6:SM0603_Resistor",""
"R50","274R","CA6:SM0603_Resistor",""
"R51","680R","CA6:SM0603_Resistor",""
"R52","680R","CA6:SM0603_Resistor",""
"D7","LED2C","CA6:LED-SOT-23",""
"R53","274R","CA6:SM0603_Resistor",""
"R54","274R","CA6:SM0603_Resistor",""
"R55","680R","CA6:SM0603_Resistor",""
"R56","680R","CA6:SM0603_Resistor",""
"D8","LED2C","CA6:LED-SOT-23",""
"R57","274R","CA6:SM0603_Resistor",""
"R58","274R","CA6:SM0603_Resistor",""
"R59","680R","CA6:SM0603_Resistor",""
"R60","680R","CA6:SM0603_Resistor",""
"D9","LED2C","CA6:LED-SOT-23",""
"R65","4.7k","CA6:SM0603_Resistor",""
"R64","10K","CA6:SM0603_Resistor",""
"R62","4.7k","CA6:SM0603_Resistor",""
"P3","ESP-Programming-FTDI","Socket_Strips:Socket_Strip_Straight_1x06_Pitch2.54mm","DOCUMENTATION"
"R63","10K","CA6:SM0603_Resistor",""
"R61","10K","CA6:SM0603_Resistor",""
"C27","10uF","CA6:c_1206",""
"U4","ESP-12E/F","CA6:ESP-12E-F-no-bottom-pads",""
"C26","100uf","CA6:c_elec_6.3x5.7",""
"C23","100uf","CA6:c_elec_6.3x5.7",""
"SW4","BUTTON_0","CA6:PTS645_throughhole",""
"JP6","Jumper_NC_Small","CA6:Jumper_connected",""
"JP7","Jumper_NC_Small","CA6:Jumper_connected",""
"JP8","Jumper_NC_Small","CA6:Jumper_connected",""
"JP9","Jumper_NC_Small","CA6:Jumper_connected",""
"JP10","Jumper_NC_Small","CA6:Jumper_connected",""
"JP2","Jumper_NC_Small","CA6:Jumper_connected",""
"JP3","Jumper_NC_Small","CA6:Jumper_connected",""
"JP4","Jumper_NC_Small","CA6:Jumper_connected",""
"JP5","Jumper_NC_Small","CA6:Jumper_connected",""
"U3","SN74AHC1G08","CA6:SOT-23-5_GATE","http://www.ti.com/lit/gpn/sn74ahc1g08"
"C35","0.1uf","CA6:c_0603",""
"C10","0.1uf","CA6:c_0603",""
"C34","0.1uf","CA6:c_0603",""
"R66","10K","CA6:SM0603_Resistor",""
